1,http://gov.163.com/13/1128/11/9EOVE1V400234IG9.html
2,http://gov.163.com/13/1128/11/9EP223TF00234IG9.html
3,http://gov.163.com/13/1127/10/9EMARE1900234IG9.html
4,http://gov.163.com/13/1126/11/9EJSBNS500234IG9.html
5,http://gov.163.com/13/1126/12/9EJVKHL600234IG9.html
6,http://gov.163.com/13/1126/12/9EJVRO2F00234IG9.html
7,http://gov.163.com/13/1126/12/9EK0EU9U00234IG9.html
8,http://gov.163.com/13/1126/12/9EK023AS00234IG9.html
9,http://gov.163.com/13/1126/11/9EJS5GRM00234IG9.html
10,http://gov.163.com/13/1125/13/9EHG3JIC00234IG9.html
11,http://gov.163.com/13/1122/10/9E9D0RCC00234IG9.html
12,http://gov.163.com/13/1122/10/9E9DISBV00234IG9.html
13,http://gov.163.com/13/1122/11/9E9GVEUR00234IG9.html
14,http://gov.163.com/13/1121/09/9E6OPKS000234IG9.html
15,http://gov.163.com/13/1120/10/9E4AOVPG00234IG9.html
16,http://gov.163.com/13/1118/11/9DV846HC00234IG9.html
17,http://gov.163.com/13/1115/09/9DNABFLH00234IG9.html
18,http://gov.163.com/13/1115/13/9DNP6P2000234IG9.html
19,http://gov.163.com/13/1115/09/9DNAIQ7100234IG9.html
20,http://gov.163.com/13/1114/10/9DKSKINF00234IG9.html
21,http://gov.163.com/13/1112/09/9DFJV0F500234IG9.html
22,http://gov.163.com/13/1108/10/9D5DNKPQ00234IG9.html
23,http://gov.163.com/13/1107/09/9D2OBHSJ00234IG9.html
24,http://gov.163.com/13/1106/10/9D074PMO00234IG9.html
25,http://gov.163.com/13/1106/10/9D07BU9C00234IG9.html
